2025-03-18 15:05:11.413,72,0,Sleeping_at_Desk
2025-03-18 15:05:11.549,73,0,Sleeping_at_Desk
2025-03-18 15:05:11.682,74,0,Sleeping_at_Desk
2025-03-18 15:05:11.800,75,0,Sleeping_at_Desk
2025-03-18 15:05:11.930,76,0,Sleeping_at_Desk
2025-03-18 15:05:12.060,77,0,Sleeping_at_Desk
2025-03-18 15:05:12.215,78,0,Sleeping_at_Desk
2025-03-18 15:05:12.348,79,0,Sleeping_at_Desk
2025-03-18 15:05:12.480,80,0,Sleeping_at_Desk
2025-03-18 15:05:12.608,81,0,Sleeping_at_Desk
2025-03-18 15:05:12.748,82,0,Sleeping_at_Desk
2025-03-18 15:05:12.882,83,0,Sleeping_at_Desk
2025-03-18 15:05:13.013,84,0,Sleeping_at_Desk
2025-03-18 15:05:13.142,85,0,Sleeping_at_Desk
2025-03-18 15:05:13.280,86,0,Sleeping_at_Desk
2025-03-18 15:05:13.413,87,0,Sleeping_at_Desk
2025-03-18 15:05:13.531,88,0,Sleeping_at_Desk
2025-03-18 15:05:13.658,89,0,Sleeping_at_Desk
2025-03-18 15:05:13.798,90,0,Sleeping_at_Desk
2025-03-18 15:05:13.930,91,0,Sleeping_at_Desk
2025-03-18 15:05:14.061,92,0,Sleeping_at_Desk
2025-03-18 15:05:14.194,93,0,Sleeping_at_Desk
2025-03-18 15:05:14.335,94,0,Sleeping_at_Desk
2025-03-18 15:05:14.474,95,0,Sleeping_at_Desk
2025-03-18 15:05:14.599,96,0,Sleeping_at_Desk
2025-03-18 15:05:14.731,97,0,Sleeping_at_Desk
2025-03-18 15:05:14.865,98,0,Sleeping_at_Desk
2025-03-18 15:05:14.997,99,0,Sleeping_at_Desk
2025-03-18 15:05:15.130,100,0,Sleeping_at_Desk
2025-03-18 15:05:15.278,101,0,Sleeping_at_Desk
2025-03-18 15:05:15.413,102,0,Sleeping_at_Desk
2025-03-18 15:05:15.537,103,0,Sleeping_at_Desk
2025-03-18 15:05:15.664,104,0,Sleeping_at_Desk
2025-03-18 15:05:15.796,105,0,Sleeping_at_Desk
2025-03-18 15:05:15.931,106,0,Sleeping_at_Desk
2025-03-18 15:05:16.062,107,0,Sleeping_at_Desk
2025-03-18 15:05:16.194,108,0,Sleeping_at_Desk
2025-03-18 15:05:16.326,109,0,Sleeping_at_Desk
2025-03-18 15:05:16.449,110,0,Sleeping_at_Desk
2025-03-18 15:05:16.574,111,0,Sleeping_at_Desk
2025-03-18 15:05:16.713,112,0,Sleeping_at_Desk
2025-03-18 15:05:16.832,113,0,Sleeping_at_Desk
2025-03-18 15:05:17.029,114,0,Sleeping_at_Desk
2025-03-18 15:05:17.164,115,0,Sleeping_at_Desk
2025-03-18 15:05:20.794,143,0,Sleeping_at_Desk
2025-03-18 15:05:20.909,144,0,Sleeping_at_Desk
2025-03-18 15:05:21.032,145,0,Sleeping_at_Desk
2025-03-18 15:05:21.147,146,0,Sleeping_at_Desk
2025-03-18 15:05:21.278,147,0,Sleeping_at_Desk
2025-03-18 15:05:21.414,148,0,Sleeping_at_Desk
2025-03-18 15:05:21.546,149,0,Sleeping_at_Desk
2025-03-18 15:05:21.676,150,0,Sleeping_at_Desk
2025-03-18 15:05:21.797,151,0,Sleeping_at_Desk
2025-03-18 15:05:21.931,152,0,Sleeping_at_Desk
2025-03-18 15:05:22.063,153,0,Sleeping_at_Desk
2025-03-18 15:05:22.180,154,0,Sleeping_at_Desk
2025-03-18 15:05:22.314,155,0,Sleeping_at_Desk
2025-03-18 15:05:22.445,156,0,Sleeping_at_Desk
2025-03-18 15:05:22.574,157,0,Sleeping_at_Desk
2025-03-18 15:05:22.697,158,0,Sleeping_at_Desk
2025-03-18 15:05:22.814,159,0,Sleeping_at_Desk
2025-03-18 15:05:22.946,160,0,Sleeping_at_Desk
2025-03-18 15:05:23.079,161,0,Sleeping_at_Desk
2025-03-18 15:05:23.210,162,0,Sleeping_at_Desk
2025-03-18 15:05:23.348,163,0,Sleeping_at_Desk
2025-03-18 15:05:23.480,164,0,Sleeping_at_Desk
2025-03-18 15:05:23.615,165,0,Sleeping_at_Desk
2025-03-18 15:05:25.731,182,0,Sleeping_at_Desk
2025-03-18 15:05:25.862,183,0,Sleeping_at_Desk
2025-03-18 15:05:25.998,184,0,Sleeping_at_Desk
2025-03-18 15:05:26.114,185,0,Sleeping_at_Desk
2025-03-18 15:05:26.239,186,0,Sleeping_at_Desk
2025-03-18 15:05:26.363,187,0,Sleeping_at_Desk
2025-03-18 15:05:26.494,188,0,Sleeping_at_Desk
2025-03-18 15:05:26.630,189,0,Sleeping_at_Desk
2025-03-18 15:05:26.763,190,0,Sleeping_at_Desk
2025-03-18 15:05:26.895,191,0,Sleeping_at_Desk
2025-03-18 15:05:28.158,201,0,Sleeping_at_Desk
2025-03-18 15:05:28.282,202,0,Sleeping_at_Desk
2025-03-18 15:05:28.412,203,0,Sleeping_at_Desk
2025-03-18 15:05:28.531,204,0,Sleeping_at_Desk
2025-03-18 15:05:28.657,205,0,Sleeping_at_Desk
2025-03-18 15:05:28.781,206,0,Sleeping_at_Desk
2025-03-18 15:05:28.928,207,0,Sleeping_at_Desk
2025-03-18 15:05:29.063,208,0,Sleeping_at_Desk
2025-03-18 15:05:29.197,209,0,Sleeping_at_Desk
2025-03-18 15:05:29.329,210,0,Sleeping_at_Desk
2025-03-18 15:05:29.464,211,0,Sleeping_at_Desk
2025-03-18 15:05:29.596,212,0,Sleeping_at_Desk
2025-03-18 15:05:29.730,213,0,Sleeping_at_Desk
2025-03-18 15:05:29.879,214,0,Sleeping_at_Desk
2025-03-18 15:05:30.012,215,0,Sleeping_at_Desk
2025-03-18 15:05:30.147,216,0,Sleeping_at_Desk
2025-03-18 15:05:30.280,217,0,Sleeping_at_Desk
2025-03-18 15:05:30.412,218,0,Sleeping_at_Desk
2025-03-18 15:05:30.546,219,0,Sleeping_at_Desk
2025-03-18 15:05:30.677,220,0,Sleeping_at_Desk
2025-03-18 15:05:30.804,221,0,Sleeping_at_Desk
2025-03-18 15:05:30.930,222,0,Sleeping_at_Desk
2025-03-18 15:05:31.055,223,0,Sleeping_at_Desk
2025-03-18 15:05:31.194,224,0,Sleeping_at_Desk
2025-03-18 15:05:31.329,225,0,Sleeping_at_Desk
2025-03-18 15:05:31.463,226,0,Sleeping_at_Desk
2025-03-18 15:05:31.597,227,0,Sleeping_at_Desk
2025-03-18 15:05:46.280,340,0,Walking_Around
2025-03-18 15:05:46.414,341,0,Walking_Around
2025-03-18 15:05:46.546,342,0,Walking_Around
2025-03-18 15:05:47.597,350,0,Walking_Around
2025-03-18 15:05:47.745,351,0,Walking_Around
2025-03-18 15:05:47.877,352,0,Walking_Around
2025-03-18 15:05:48.008,353,0,Walking_Around
2025-03-18 15:05:48.147,354,0,Walking_Around
2025-03-18 15:05:48.280,355,0,Walking_Around
2025-03-18 15:05:48.395,356,0,Walking_Around
2025-03-18 15:05:48.529,357,0,Walking_Around
2025-03-18 15:05:50.246,370,0,Walking_Around
2025-03-18 15:05:50.378,371,0,Walking_Around
2025-03-18 15:05:50.511,372,0,Walking_Around
2025-03-18 15:05:50.644,373,0,Writing_on_Board
2025-03-18 15:05:50.644,373,0,Walking_Around
2025-03-18 15:05:50.775,374,0,Writing_on_Board
2025-03-18 15:05:50.775,374,0,Walking_Around
2025-03-18 15:05:50.913,375,0,Writing_on_Board
2025-03-18 15:05:50.913,375,0,Walking_Around
2025-03-18 15:05:51.044,376,0,Writing_on_Board
2025-03-18 15:05:51.044,376,0,Walking_Around
2025-03-18 15:05:53.013,391,0,Walking_Around
2025-03-18 15:05:53.139,392,0,Walking_Around
2025-03-18 15:05:53.278,393,0,Walking_Around
2025-03-18 15:05:53.397,394,0,Walking_Around
2025-03-18 15:05:53.529,395,0,Walking_Around
2025-03-18 15:05:53.676,396,0,Walking_Around
2025-03-18 15:05:53.807,397,0,Walking_Around
2025-03-18 15:05:53.930,398,0,Walking_Around
2025-03-18 15:05:54.063,399,0,Walking_Around
2025-03-18 15:05:54.197,400,0,Walking_Around
2025-03-18 15:05:54.328,401,0,Walking_Around
2025-03-18 15:05:54.479,402,0,Walking_Around
2025-03-18 15:05:54.612,403,0,Walking_Around
2025-03-18 15:05:55.394,409,0,Walking_Around
2025-03-18 15:05:55.526,410,0,Walking_Around
2025-03-18 15:05:55.674,411,0,Walking_Around
2025-03-18 15:05:55.797,412,0,Walking_Around
2025-03-18 15:05:55.930,413,0,Walking_Around
2025-03-18 15:05:56.061,414,0,Walking_Around
2025-03-18 15:05:56.189,415,0,Walking_Around
2025-03-18 15:05:57.079,422,0,Walking_Around
2025-03-18 15:05:57.210,423,0,Walking_Around
2025-03-18 15:05:57.346,424,0,Walking_Around
2025-03-18 15:06:01.971,459,0,Sleeping_at_Desk
2025-03-18 15:06:02.126,460,0,Sleeping_at_Desk
2025-03-18 15:06:02.262,461,0,Sleeping_at_Desk
2025-03-18 15:06:03.627,470,0,Sleeping_at_Desk
2025-03-18 15:06:07.362,499,0,Using_Phone_or_Book
2025-03-18 15:06:07.362,499,0,Sleeping_at_Desk
2025-03-18 15:06:07.511,500,0,Using_Phone_or_Book
2025-03-18 15:06:07.511,500,0,Sleeping_at_Desk
2025-03-18 15:06:07.642,501,0,Using_Phone_or_Book
2025-03-18 15:06:07.642,501,0,Sleeping_at_Desk
2025-03-18 15:06:07.773,502,0,Using_Phone_or_Book
2025-03-18 15:06:07.773,502,0,Sleeping_at_Desk
2025-03-18 15:06:07.912,503,0,Using_Phone_or_Book
2025-03-18 15:06:07.912,503,0,Sleeping_at_Desk
2025-03-18 15:06:08.044,504,0,Using_Phone_or_Book
2025-03-18 15:06:08.044,504,0,Sleeping_at_Desk
2025-03-18 15:06:08.179,505,0,Using_Phone_or_Book
2025-03-18 15:06:08.179,505,0,Sleeping_at_Desk
2025-03-18 15:06:08.311,506,0,Using_Phone_or_Book
2025-03-18 15:06:08.311,506,0,Sleeping_at_Desk
2025-03-18 15:06:08.445,507,0,Using_Phone_or_Book
2025-03-18 15:06:08.445,507,0,Sleeping_at_Desk
2025-03-18 15:06:08.445,507,0,Walking_Around
2025-03-18 15:06:08.577,508,0,Using_Phone_or_Book
2025-03-18 15:06:08.577,508,0,Sleeping_at_Desk
2025-03-18 15:06:08.577,508,0,Walking_Around
2025-03-18 15:06:08.711,509,0,Using_Phone_or_Book
2025-03-18 15:06:08.711,509,0,Sleeping_at_Desk
2025-03-18 15:06:08.711,509,0,Walking_Around
2025-03-18 15:06:08.841,510,0,Using_Phone_or_Book
2025-03-18 15:06:08.841,510,0,Sleeping_at_Desk
2025-03-18 15:06:08.841,510,0,Walking_Around
2025-03-18 15:06:08.974,511,0,Using_Phone_or_Book
2025-03-18 15:06:08.974,511,0,Sleeping_at_Desk
2025-03-18 15:06:08.974,511,0,Walking_Around
2025-03-18 15:06:09.113,512,0,Using_Phone_or_Book
2025-03-18 15:06:09.113,512,0,Walking_Around
2025-03-18 15:06:09.245,513,0,Using_Phone_or_Book
2025-03-18 15:06:09.245,513,0,Walking_Around
2025-03-18 15:06:09.378,514,0,Using_Phone_or_Book
2025-03-18 15:06:09.378,514,0,Walking_Around
2025-03-18 15:06:09.512,515,0,Using_Phone_or_Book
2025-03-18 15:06:09.512,515,0,Walking_Around
2025-03-18 15:06:09.643,516,0,Using_Phone_or_Book
2025-03-18 15:06:09.643,516,0,Walking_Around
2025-03-18 15:06:09.774,517,0,Using_Phone_or_Book
2025-03-18 15:06:09.774,517,0,Sleeping_at_Desk
2025-03-18 15:06:09.774,517,0,Walking_Around
2025-03-18 15:06:09.912,518,0,Using_Phone_or_Book
2025-03-18 15:06:09.912,518,0,Sleeping_at_Desk
2025-03-18 15:06:09.912,518,0,Walking_Around
2025-03-18 15:06:10.054,519,0,Using_Phone_or_Book
2025-03-18 15:06:10.054,519,0,Walking_Around
2025-03-18 15:06:10.177,520,0,Using_Phone_or_Book
2025-03-18 15:06:10.177,520,0,Walking_Around
2025-03-18 15:06:10.309,521,0,Using_Phone_or_Book
2025-03-18 15:06:10.309,521,0,Walking_Around
2025-03-18 15:06:10.440,522,0,Using_Phone_or_Book
2025-03-18 15:06:10.440,522,0,Walking_Around
2025-03-18 15:06:10.573,523,0,Walking_Around
2025-03-18 15:06:10.696,524,0,Sleeping_at_Desk
2025-03-18 15:06:10.696,524,0,Walking_Around
2025-03-18 15:06:10.828,525,0,Sleeping_at_Desk
2025-03-18 15:06:10.828,525,0,Walking_Around
2025-03-18 15:06:10.963,526,0,Sleeping_at_Desk
2025-03-18 15:06:10.963,526,0,Walking_Around
2025-03-18 15:06:11.095,527,0,Sleeping_at_Desk
2025-03-18 15:06:11.095,527,0,Walking_Around
2025-03-18 15:06:11.220,528,0,Sleeping_at_Desk
2025-03-18 15:06:11.220,528,0,Walking_Around
2025-03-18 15:06:11.344,529,0,Using_Phone_or_Book
2025-03-18 15:06:11.344,529,0,Sleeping_at_Desk
2025-03-18 15:06:11.344,529,0,Walking_Around
2025-03-18 15:06:11.476,530,0,Sleeping_at_Desk
2025-03-18 15:06:11.476,530,0,Walking_Around
2025-03-18 15:06:11.608,531,0,Sleeping_at_Desk
2025-03-18 15:06:11.608,531,0,Walking_Around
2025-03-18 15:06:11.739,532,0,Sleeping_at_Desk
2025-03-18 15:06:11.739,532,0,Walking_Around
2025-03-18 15:06:11.863,533,0,Using_Phone_or_Book
2025-03-18 15:06:11.863,533,0,Sleeping_at_Desk
2025-03-18 15:06:11.863,533,0,Walking_Around
2025-03-18 15:06:12.012,534,0,Using_Phone_or_Book
2025-03-18 15:06:12.012,534,0,Sleeping_at_Desk
2025-03-18 15:06:12.012,534,0,Walking_Around
2025-03-18 15:06:12.143,535,0,Using_Phone_or_Book
2025-03-18 15:06:12.143,535,0,Sleeping_at_Desk
2025-03-18 15:06:12.143,535,0,Walking_Around
2025-03-18 15:06:12.275,536,0,Using_Phone_or_Book
2025-03-18 15:06:12.275,536,0,Sleeping_at_Desk
2025-03-18 15:06:12.275,536,0,Walking_Around
2025-03-18 15:06:12.407,537,0,Using_Phone_or_Book
2025-03-18 15:06:12.407,537,0,Sleeping_at_Desk
2025-03-18 15:06:12.407,537,0,Walking_Around
2025-03-18 15:06:12.545,538,0,Using_Phone_or_Book
2025-03-18 15:06:12.545,538,0,Sleeping_at_Desk
2025-03-18 15:06:12.545,538,0,Walking_Around
2025-03-18 15:06:12.673,539,0,Using_Phone_or_Book
2025-03-18 15:06:12.673,539,0,Sleeping_at_Desk
2025-03-18 15:06:12.673,539,0,Walking_Around
2025-03-18 15:06:12.812,540,0,Sleeping_at_Desk
2025-03-18 15:06:12.812,540,0,Walking_Around
2025-03-18 15:06:12.930,541,0,Sleeping_at_Desk
2025-03-18 15:06:12.930,541,0,Walking_Around
2025-03-18 15:06:13.062,542,0,Sleeping_at_Desk
2025-03-18 15:06:13.062,542,0,Walking_Around
2025-03-18 15:06:13.195,543,0,Sleeping_at_Desk
2025-03-18 15:06:13.195,543,0,Walking_Around
2025-03-18 15:06:13.325,544,0,Sleeping_at_Desk
2025-03-18 15:06:13.325,544,0,Walking_Around
2025-03-18 15:06:13.461,545,0,Using_Phone_or_Book
2025-03-18 15:06:13.461,545,0,Sleeping_at_Desk
2025-03-18 15:06:13.461,545,0,Walking_Around
2025-03-18 15:06:13.595,546,0,Using_Phone_or_Book
2025-03-18 15:06:13.595,546,0,Sleeping_at_Desk
2025-03-18 15:06:13.595,546,0,Walking_Around
2025-03-18 15:06:13.720,547,0,Using_Phone_or_Book
2025-03-18 15:06:13.720,547,0,Sleeping_at_Desk
2025-03-18 15:06:13.720,547,0,Walking_Around
2025-03-18 15:06:13.844,548,0,Using_Phone_or_Book
2025-03-18 15:06:13.844,548,0,Sleeping_at_Desk
2025-03-18 15:06:13.844,548,0,Walking_Around
2025-03-18 15:06:13.975,549,0,Using_Phone_or_Book
2025-03-18 15:06:13.975,549,0,Walking_Around
2025-03-18 15:06:14.107,550,0,Using_Phone_or_Book
2025-03-18 15:06:14.107,550,0,Walking_Around
2025-03-18 15:06:14.238,551,0,Using_Phone_or_Book
2025-03-18 15:06:14.238,551,0,Walking_Around
2025-03-18 15:06:14.378,552,0,Using_Phone_or_Book
2025-03-18 15:06:14.378,552,0,Walking_Around
2025-03-18 15:06:14.511,553,0,Using_Phone_or_Book
2025-03-18 15:06:14.511,553,0,Walking_Around
2025-03-18 15:06:14.644,554,0,Using_Phone_or_Book
2025-03-18 15:06:14.644,554,0,Walking_Around
2025-03-18 15:06:14.777,555,0,Using_Phone_or_Book
2025-03-18 15:06:14.777,555,0,Sleeping_at_Desk
2025-03-18 15:06:14.777,555,0,Walking_Around
2025-03-18 15:06:14.911,556,0,Using_Phone_or_Book
2025-03-18 15:06:14.911,556,0,Sleeping_at_Desk
2025-03-18 15:06:14.911,556,0,Walking_Around
2025-03-18 15:06:15.043,557,0,Using_Phone_or_Book
2025-03-18 15:06:15.043,557,0,Sleeping_at_Desk
2025-03-18 15:06:15.043,557,0,Walking_Around
2025-03-18 15:06:15.177,558,0,Using_Phone_or_Book
2025-03-18 15:06:15.177,558,0,Sleeping_at_Desk
2025-03-18 15:06:15.177,558,0,Walking_Around
2025-03-18 15:06:15.311,559,0,Using_Phone_or_Book
2025-03-18 15:06:15.311,559,0,Sleeping_at_Desk
2025-03-18 15:06:15.311,559,0,Walking_Around
2025-03-18 15:06:15.438,560,0,Using_Phone_or_Book
2025-03-18 15:06:15.438,560,0,Sleeping_at_Desk
2025-03-18 15:06:15.438,560,0,Walking_Around
2025-03-18 15:06:15.561,561,0,Using_Phone_or_Book
2025-03-18 15:06:15.561,561,0,Sleeping_at_Desk
2025-03-18 15:06:15.561,561,0,Walking_Around
2025-03-18 15:06:15.693,562,0,Using_Phone_or_Book
2025-03-18 15:06:15.693,562,0,Sleeping_at_Desk
2025-03-18 15:06:17.495,576,0,Walking_Around
2025-03-18 15:06:17.627,577,0,Walking_Around
2025-03-18 15:06:17.759,578,0,Walking_Around
2025-03-18 15:06:17.891,579,0,Walking_Around
2025-03-18 15:06:18.024,580,0,Walking_Around
2025-03-18 15:06:18.145,581,0,Writing_on_Board
2025-03-18 15:06:18.145,581,0,Walking_Around
2025-03-18 15:06:18.276,582,0,Writing_on_Board
2025-03-18 15:06:18.276,582,0,Walking_Around
2025-03-18 15:06:18.407,583,0,Writing_on_Board
2025-03-18 15:06:18.407,583,0,Walking_Around
2025-03-18 15:06:18.539,584,0,Writing_on_Board
2025-03-18 15:06:18.539,584,0,Walking_Around
2025-03-18 15:06:18.661,585,0,Walking_Around
2025-03-18 15:06:18.794,586,0,Walking_Around
2025-03-18 15:06:28.704,663,0,Walking_Around
2025-03-18 15:06:28.828,664,0,Walking_Around
2025-03-18 15:06:28.962,665,0,Walking_Around
2025-03-18 15:06:29.078,666,0,Walking_Around
2025-03-18 15:06:29.210,667,0,Walking_Around
2025-03-18 15:06:29.327,668,0,Walking_Around
2025-03-18 15:06:29.460,669,0,Walking_Around
2025-03-18 15:06:29.602,670,0,Walking_Around
2025-03-18 15:06:30.392,676,0,Walking_Around
2025-03-18 15:06:30.527,677,0,Walking_Around
2025-03-18 15:06:30.658,678,0,Walking_Around
2025-03-18 15:06:30.790,679,0,Walking_Around
2025-03-18 15:06:30.912,680,0,Walking_Around
2025-03-18 15:06:31.692,686,0,Walking_Around
2025-03-18 15:06:31.826,687,0,Walking_Around
2025-03-18 15:06:31.958,688,0,Walking_Around
2025-03-18 15:06:32.074,689,0,Walking_Around
2025-03-18 15:06:32.205,690,0,Walking_Around
2025-03-18 15:06:32.344,691,0,Walking_Around
2025-03-18 15:06:32.478,692,0,Walking_Around
2025-03-18 15:06:32.610,693,0,Walking_Around
2025-03-18 15:06:32.745,694,0,Walking_Around
2025-03-18 15:06:32.901,695,0,Walking_Around
2025-03-18 15:06:33.044,696,0,Walking_Around
2025-03-18 15:06:43.409,778,0,Sleeping_at_Desk
2025-03-18 15:08:21.920,239,0,Writing_on_Board
2025-03-18 15:08:22.073,240,0,Writing_on_Board
2025-03-18 15:08:24.628,256,0,Writing_on_Board
2025-03-18 15:08:24.790,257,0,Writing_on_Board
2025-03-18 15:08:24.955,258,0,Writing_on_Board
2025-03-18 15:08:25.109,259,0,Writing_on_Board
2025-03-18 15:08:25.266,260,0,Writing_on_Board
2025-03-18 15:08:25.425,261,0,Writing_on_Board
2025-03-18 15:08:25.594,262,0,Writing_on_Board
2025-03-18 15:08:25.750,263,0,Writing_on_Board
2025-03-18 15:08:25.903,264,0,Writing_on_Board
2025-03-18 15:08:26.077,265,0,Writing_on_Board
2025-03-18 15:08:26.277,266,0,Writing_on_Board
2025-03-18 15:08:26.446,267,0,Writing_on_Board
2025-03-18 15:08:26.664,268,0,Writing_on_Board
2025-03-18 15:08:26.851,269,0,Writing_on_Board
2025-03-18 15:08:27.071,270,0,Writing_on_Board
2025-03-18 15:08:35.325,321,0,Using_Phone_or_Book
2025-03-18 15:08:35.478,322,0,Using_Phone_or_Book
2025-03-18 15:08:35.638,323,0,Using_Phone_or_Book
2025-03-18 15:08:35.807,324,0,Using_Phone_or_Book
2025-03-18 15:08:35.977,325,0,Using_Phone_or_Book
2025-03-18 15:08:36.130,326,0,Using_Phone_or_Book
2025-03-18 15:08:36.295,327,0,Using_Phone_or_Book
2025-03-18 15:08:36.456,328,0,Using_Phone_or_Book
2025-03-18 15:08:36.614,329,0,Using_Phone_or_Book
2025-03-18 15:08:36.786,330,0,Using_Phone_or_Book
2025-03-18 15:08:36.944,331,0,Using_Phone_or_Book
2025-03-18 15:08:37.116,332,0,Using_Phone_or_Book
2025-03-18 15:08:37.274,333,0,Using_Phone_or_Book
2025-03-18 15:08:37.461,334,0,Using_Phone_or_Book
2025-03-18 15:08:37.633,335,0,Using_Phone_or_Book
2025-03-18 15:08:37.804,336,0,Using_Phone_or_Book
2025-03-18 15:08:37.961,337,0,Using_Phone_or_Book
2025-03-18 15:08:38.133,338,0,Using_Phone_or_Book
2025-03-18 15:08:38.302,339,0,Using_Phone_or_Book
2025-03-18 15:08:38.470,340,0,Using_Phone_or_Book
2025-03-18 15:08:38.642,341,0,Using_Phone_or_Book
2025-03-18 15:08:38.811,342,0,Using_Phone_or_Book
2025-03-18 15:08:38.986,343,0,Using_Phone_or_Book
2025-03-18 15:08:39.154,344,0,Using_Phone_or_Book
2025-03-18 15:08:39.307,345,0,Using_Phone_or_Book
2025-03-18 15:08:39.477,346,0,Using_Phone_or_Book
2025-03-18 15:08:39.633,347,0,Using_Phone_or_Book
2025-03-18 15:08:39.788,348,0,Using_Phone_or_Book
2025-03-18 15:08:39.788,348,0,Sleeping_at_Desk
2025-03-18 15:08:39.941,349,0,Using_Phone_or_Book
2025-03-18 15:08:39.941,349,0,Sleeping_at_Desk
2025-03-18 15:08:40.096,350,0,Using_Phone_or_Book
2025-03-18 15:08:40.096,350,0,Sleeping_at_Desk
2025-03-18 15:08:40.298,351,0,Using_Phone_or_Book
2025-03-18 15:08:40.298,351,0,Sleeping_at_Desk
2025-03-18 15:08:56.147,448,0,Sleeping_at_Desk
2025-03-18 15:08:56.307,449,0,Sleeping_at_Desk
2025-03-18 15:08:56.539,450,0,Using_Phone_or_Book
2025-03-18 15:08:56.539,450,0,Sleeping_at_Desk
2025-03-18 15:08:56.705,451,0,Using_Phone_or_Book
2025-03-18 15:08:56.705,451,0,Sleeping_at_Desk
2025-03-18 15:08:56.858,452,0,Using_Phone_or_Book
2025-03-18 15:08:56.858,452,0,Sleeping_at_Desk
2025-03-18 15:08:57.027,453,0,Using_Phone_or_Book
2025-03-18 15:08:57.027,453,0,Sleeping_at_Desk
2025-03-18 15:08:57.199,454,0,Using_Phone_or_Book
2025-03-18 15:08:57.199,454,0,Sleeping_at_Desk
2025-03-18 15:08:57.355,455,0,Sleeping_at_Desk
2025-03-18 15:08:57.522,456,0,Sleeping_at_Desk
2025-03-18 15:08:57.849,458,0,Using_Phone_or_Book
2025-03-18 15:08:58.004,459,0,Using_Phone_or_Book
2025-03-18 15:08:58.171,460,0,Using_Phone_or_Book
2025-03-18 15:08:58.330,461,0,Using_Phone_or_Book
2025-03-18 15:08:58.499,462,0,Using_Phone_or_Book
2025-03-18 15:08:58.671,463,0,Using_Phone_or_Book
2025-03-18 15:08:58.823,464,0,Using_Phone_or_Book
2025-03-18 15:08:58.993,465,0,Using_Phone_or_Book
2025-03-18 15:08:59.167,466,0,Using_Phone_or_Book
2025-03-18 15:08:59.332,467,0,Using_Phone_or_Book
2025-03-18 15:08:59.487,468,0,Using_Phone_or_Book
2025-03-18 15:08:59.657,469,0,Using_Phone_or_Book
2025-03-18 15:08:59.825,470,0,Using_Phone_or_Book
2025-03-18 15:08:59.996,471,0,Using_Phone_or_Book
2025-03-18 15:09:00.162,472,0,Using_Phone_or_Book
2025-03-18 15:09:00.322,473,0,Using_Phone_or_Book
2025-03-18 15:09:01.804,482,0,Raising_Hand
2025-03-18 15:09:01.971,483,0,Raising_Hand
2025-03-18 15:09:02.147,484,0,Raising_Hand
2025-03-18 15:09:02.408,485,0,Raising_Hand
2025-03-18 15:09:02.594,486,0,Raising_Hand
2025-03-18 15:09:02.765,487,0,Raising_Hand
2025-03-18 15:09:02.922,488,0,Raising_Hand
2025-03-18 15:09:03.079,489,0,Raising_Hand
2025-03-18 15:09:03.250,490,0,Raising_Hand
2025-03-18 15:09:03.916,494,0,Raising_Hand
2025-03-18 15:09:04.081,495,0,Raising_Hand
2025-03-18 15:09:04.252,496,0,Raising_Hand
2025-03-18 15:09:04.437,497,0,Raising_Hand
2025-03-18 15:12:54.283,0,0,Writing_on_Board
2025-03-18 15:12:54.283,0,0,Using_Phone_or_Book
2025-03-18 15:12:54.283,0,0,Sleeping_at_Desk
2025-03-18 15:12:54.283,0,0,Walking_Around
2025-03-18 15:12:54.283,0,0,Raising_Hand
2025-03-18 15:12:54.283,0,0,Writing_on_Board
2025-03-18 15:12:54.283,0,0,Using_Phone_or_Book
2025-03-18 15:12:54.283,0,0,Sleeping_at_Desk
2025-03-18 15:12:54.283,0,0,Walking_Around
2025-03-18 15:12:54.283,0,0,Raising_Hand
2025-03-18 15:12:55.327,1,0,Writing_on_Board
2025-03-18 15:12:55.327,1,0,Using_Phone_or_Book
2025-03-18 15:12:55.327,1,0,Sleeping_at_Desk
2025-03-18 15:12:55.327,1,0,Walking_Around
2025-03-18 15:12:55.327,1,0,Raising_Hand
2025-03-18 15:12:55.490,2,0,Writing_on_Board
2025-03-18 15:12:55.490,2,0,Using_Phone_or_Book
2025-03-18 15:12:55.490,2,0,Sleeping_at_Desk
2025-03-18 15:12:55.490,2,0,Walking_Around
2025-03-18 15:12:55.490,2,0,Raising_Hand
2025-03-18 15:12:55.624,3,0,Writing_on_Board
2025-03-18 15:12:55.624,3,0,Using_Phone_or_Book
2025-03-18 15:12:55.624,3,0,Sleeping_at_Desk
2025-03-18 15:12:55.624,3,0,Walking_Around
2025-03-18 15:12:55.624,3,0,Raising_Hand
2025-03-18 15:12:55.757,4,0,Writing_on_Board
2025-03-18 15:12:55.757,4,0,Using_Phone_or_Book
2025-03-18 15:12:55.757,4,0,Sleeping_at_Desk
2025-03-18 15:12:55.757,4,0,Walking_Around
2025-03-18 15:12:55.757,4,0,Raising_Hand
2025-03-18 15:12:55.891,5,0,Writing_on_Board
2025-03-18 15:12:55.891,5,0,Using_Phone_or_Book
2025-03-18 15:12:55.891,5,0,Sleeping_at_Desk
2025-03-18 15:12:55.891,5,0,Walking_Around
2025-03-18 15:12:55.891,5,0,Raising_Hand
2025-03-18 15:12:56.022,6,0,Writing_on_Board
2025-03-18 15:12:56.022,6,0,Using_Phone_or_Book
2025-03-18 15:12:56.022,6,0,Sleeping_at_Desk
2025-03-18 15:12:56.022,6,0,Walking_Around
2025-03-18 15:12:56.022,6,0,Raising_Hand
2025-03-18 15:12:56.158,7,0,Writing_on_Board
2025-03-18 15:12:56.158,7,0,Using_Phone_or_Book
2025-03-18 15:12:56.158,7,0,Sleeping_at_Desk
2025-03-18 15:12:56.158,7,0,Walking_Around
2025-03-18 15:12:56.158,7,0,Raising_Hand
2025-03-18 15:12:56.289,8,0,Writing_on_Board
2025-03-18 15:12:56.289,8,0,Using_Phone_or_Book
2025-03-18 15:12:56.289,8,0,Sleeping_at_Desk
2025-03-18 15:12:56.289,8,0,Walking_Around
2025-03-18 15:12:56.289,8,0,Raising_Hand
2025-03-18 15:12:56.421,9,0,Writing_on_Board
2025-03-18 15:12:56.421,9,0,Using_Phone_or_Book
2025-03-18 15:12:56.421,9,0,Sleeping_at_Desk
2025-03-18 15:12:56.421,9,0,Walking_Around
2025-03-18 15:12:56.421,9,0,Raising_Hand
2025-03-18 15:12:56.552,10,0,Writing_on_Board
2025-03-18 15:12:56.552,10,0,Using_Phone_or_Book
2025-03-18 15:12:56.552,10,0,Sleeping_at_Desk
2025-03-18 15:12:56.552,10,0,Walking_Around
2025-03-18 15:12:56.552,10,0,Raising_Hand
2025-03-18 15:12:56.673,11,0,Writing_on_Board
2025-03-18 15:12:56.673,11,0,Using_Phone_or_Book
2025-03-18 15:12:56.673,11,0,Sleeping_at_Desk
2025-03-18 15:12:56.673,11,0,Walking_Around
2025-03-18 15:12:56.673,11,0,Raising_Hand
2025-03-18 15:12:56.803,12,0,Writing_on_Board
2025-03-18 15:12:56.803,12,0,Using_Phone_or_Book
2025-03-18 15:12:56.803,12,0,Sleeping_at_Desk
2025-03-18 15:12:56.803,12,0,Walking_Around
2025-03-18 15:12:56.803,12,0,Raising_Hand
2025-03-18 15:12:56.934,13,0,Writing_on_Board
2025-03-18 15:12:56.934,13,0,Using_Phone_or_Book
2025-03-18 15:12:56.934,13,0,Sleeping_at_Desk
2025-03-18 15:12:56.934,13,0,Walking_Around
2025-03-18 15:12:56.934,13,0,Raising_Hand
2025-03-18 15:12:57.074,14,0,Writing_on_Board
2025-03-18 15:12:57.074,14,0,Using_Phone_or_Book
2025-03-18 15:12:57.074,14,0,Sleeping_at_Desk
2025-03-18 15:12:57.074,14,0,Walking_Around
2025-03-18 15:12:57.074,14,0,Raising_Hand
2025-03-18 15:12:57.206,15,0,Writing_on_Board
2025-03-18 15:12:57.206,15,0,Using_Phone_or_Book
2025-03-18 15:12:57.206,15,0,Sleeping_at_Desk
2025-03-18 15:12:57.206,15,0,Walking_Around
2025-03-18 15:12:57.206,15,0,Raising_Hand
2025-03-18 15:12:57.340,16,0,Writing_on_Board
2025-03-18 15:12:57.340,16,0,Using_Phone_or_Book
2025-03-18 15:12:57.340,16,0,Sleeping_at_Desk
2025-03-18 15:12:57.340,16,0,Walking_Around
2025-03-18 15:12:57.340,16,0,Raising_Hand
2025-03-18 15:12:57.473,17,0,Writing_on_Board
2025-03-18 15:12:57.473,17,0,Using_Phone_or_Book
2025-03-18 15:12:57.473,17,0,Sleeping_at_Desk
2025-03-18 15:12:57.473,17,0,Walking_Around
2025-03-18 15:12:57.473,17,0,Raising_Hand
2025-03-18 15:12:57.606,18,0,Writing_on_Board
2025-03-18 15:12:57.606,18,0,Using_Phone_or_Book
2025-03-18 15:12:57.606,18,0,Sleeping_at_Desk
2025-03-18 15:12:57.606,18,0,Walking_Around
2025-03-18 15:12:57.606,18,0,Raising_Hand
2025-03-18 15:12:57.749,19,0,Writing_on_Board
2025-03-18 15:12:57.749,19,0,Using_Phone_or_Book
2025-03-18 15:12:57.749,19,0,Sleeping_at_Desk
2025-03-18 15:12:57.749,19,0,Walking_Around
2025-03-18 15:12:57.749,19,0,Raising_Hand
2025-03-18 15:12:57.874,20,0,Writing_on_Board
2025-03-18 15:12:57.874,20,0,Using_Phone_or_Book
2025-03-18 15:12:57.874,20,0,Sleeping_at_Desk
2025-03-18 15:12:57.874,20,0,Walking_Around
2025-03-18 15:12:57.874,20,0,Raising_Hand
2025-03-18 15:12:58.005,21,0,Writing_on_Board
2025-03-18 15:12:58.005,21,0,Using_Phone_or_Book
2025-03-18 15:12:58.005,21,0,Sleeping_at_Desk
2025-03-18 15:12:58.005,21,0,Walking_Around
2025-03-18 15:12:58.005,21,0,Raising_Hand
2025-03-18 15:12:58.005,21,0,Writing_on_Board
2025-03-18 15:12:58.005,21,0,Using_Phone_or_Book
2025-03-18 15:12:58.005,21,0,Sleeping_at_Desk
2025-03-18 15:12:58.005,21,0,Walking_Around
2025-03-18 15:12:58.005,21,0,Raising_Hand
2025-03-18 15:12:58.139,22,0,Writing_on_Board
2025-03-18 15:12:58.139,22,0,Using_Phone_or_Book
2025-03-18 15:12:58.139,22,0,Sleeping_at_Desk
2025-03-18 15:12:58.139,22,0,Walking_Around
2025-03-18 15:12:58.139,22,0,Raising_Hand
2025-03-18 15:12:58.139,22,0,Writing_on_Board
2025-03-18 15:12:58.139,22,0,Using_Phone_or_Book
2025-03-18 15:12:58.139,22,0,Sleeping_at_Desk
2025-03-18 15:12:58.139,22,0,Walking_Around
2025-03-18 15:12:58.139,22,0,Raising_Hand
2025-03-18 15:12:58.271,23,0,Writing_on_Board
2025-03-18 15:12:58.271,23,0,Using_Phone_or_Book
2025-03-18 15:12:58.271,23,0,Sleeping_at_Desk
2025-03-18 15:12:58.271,23,0,Walking_Around
2025-03-18 15:12:58.271,23,0,Raising_Hand
2025-03-18 15:12:58.403,24,0,Writing_on_Board
2025-03-18 15:12:58.403,24,0,Using_Phone_or_Book
2025-03-18 15:12:58.403,24,0,Sleeping_at_Desk
2025-03-18 15:12:58.403,24,0,Walking_Around
2025-03-18 15:12:58.403,24,0,Raising_Hand
2025-03-18 15:12:58.520,25,0,Writing_on_Board
2025-03-18 15:12:58.520,25,0,Using_Phone_or_Book
2025-03-18 15:12:58.520,25,0,Sleeping_at_Desk
2025-03-18 15:12:58.520,25,0,Walking_Around
2025-03-18 15:12:58.520,25,0,Raising_Hand
2025-03-18 15:12:58.520,25,0,Writing_on_Board
2025-03-18 15:12:58.520,25,0,Using_Phone_or_Book
2025-03-18 15:12:58.520,25,0,Sleeping_at_Desk
2025-03-18 15:12:58.520,25,0,Walking_Around
2025-03-18 15:12:58.520,25,0,Raising_Hand
2025-03-18 15:12:58.642,26,0,Writing_on_Board
2025-03-18 15:12:58.642,26,0,Using_Phone_or_Book
2025-03-18 15:12:58.642,26,0,Sleeping_at_Desk
2025-03-18 15:12:58.642,26,0,Walking_Around
2025-03-18 15:12:58.642,26,0,Raising_Hand
2025-03-18 15:12:58.757,27,0,Writing_on_Board
2025-03-18 15:12:58.757,27,0,Using_Phone_or_Book
2025-03-18 15:12:58.757,27,0,Sleeping_at_Desk
2025-03-18 15:12:58.757,27,0,Walking_Around
2025-03-18 15:12:58.757,27,0,Raising_Hand
2025-03-18 15:12:58.890,28,0,Writing_on_Board
2025-03-18 15:12:58.890,28,0,Using_Phone_or_Book
2025-03-18 15:12:58.890,28,0,Sleeping_at_Desk
2025-03-18 15:12:58.890,28,0,Walking_Around
2025-03-18 15:12:58.890,28,0,Raising_Hand
2025-03-18 15:12:59.039,29,0,Writing_on_Board
2025-03-18 15:12:59.039,29,0,Using_Phone_or_Book
2025-03-18 15:12:59.039,29,0,Sleeping_at_Desk
2025-03-18 15:12:59.039,29,0,Walking_Around
2025-03-18 15:12:59.039,29,0,Raising_Hand
2025-03-18 15:12:59.173,30,0,Writing_on_Board
2025-03-18 15:12:59.173,30,0,Using_Phone_or_Book
2025-03-18 15:12:59.173,30,0,Sleeping_at_Desk
2025-03-18 15:12:59.173,30,0,Walking_Around
2025-03-18 15:12:59.173,30,0,Raising_Hand
2025-03-18 15:12:59.307,31,0,Writing_on_Board
2025-03-18 15:12:59.307,31,0,Using_Phone_or_Book
2025-03-18 15:12:59.307,31,0,Sleeping_at_Desk
2025-03-18 15:12:59.307,31,0,Walking_Around
2025-03-18 15:12:59.307,31,0,Raising_Hand
2025-03-18 15:12:59.455,32,0,Writing_on_Board
2025-03-18 15:12:59.455,32,0,Using_Phone_or_Book
2025-03-18 15:12:59.455,32,0,Sleeping_at_Desk
2025-03-18 15:12:59.455,32,0,Walking_Around
2025-03-18 15:12:59.455,32,0,Raising_Hand
2025-03-18 15:12:59.590,33,0,Writing_on_Board
2025-03-18 15:12:59.590,33,0,Using_Phone_or_Book
2025-03-18 15:12:59.590,33,0,Sleeping_at_Desk
2025-03-18 15:12:59.590,33,0,Walking_Around
2025-03-18 15:12:59.590,33,0,Raising_Hand
2025-03-18 15:12:59.723,34,0,Writing_on_Board
2025-03-18 15:12:59.723,34,0,Using_Phone_or_Book
2025-03-18 15:12:59.723,34,0,Sleeping_at_Desk
2025-03-18 15:12:59.723,34,0,Walking_Around
2025-03-18 15:12:59.723,34,0,Raising_Hand
2025-03-18 15:12:59.855,35,0,Writing_on_Board
2025-03-18 15:12:59.855,35,0,Using_Phone_or_Book
2025-03-18 15:12:59.855,35,0,Sleeping_at_Desk
2025-03-18 15:12:59.855,35,0,Walking_Around
2025-03-18 15:12:59.855,35,0,Raising_Hand
2025-03-18 15:12:59.971,36,0,Writing_on_Board
2025-03-18 15:12:59.971,36,0,Using_Phone_or_Book
2025-03-18 15:12:59.971,36,0,Sleeping_at_Desk
2025-03-18 15:12:59.971,36,0,Walking_Around
2025-03-18 15:12:59.971,36,0,Raising_Hand
2025-03-18 15:13:00.102,37,0,Writing_on_Board
2025-03-18 15:13:00.102,37,0,Using_Phone_or_Book
2025-03-18 15:13:00.102,37,0,Sleeping_at_Desk
2025-03-18 15:13:00.102,37,0,Walking_Around
2025-03-18 15:13:00.102,37,0,Raising_Hand
2025-03-18 15:13:00.234,38,0,Writing_on_Board
2025-03-18 15:13:00.234,38,0,Using_Phone_or_Book
2025-03-18 15:13:00.234,38,0,Sleeping_at_Desk
2025-03-18 15:13:00.234,38,0,Walking_Around
2025-03-18 15:13:00.234,38,0,Raising_Hand
2025-03-18 15:13:00.358,39,0,Writing_on_Board
2025-03-18 15:13:00.358,39,0,Using_Phone_or_Book
2025-03-18 15:13:00.358,39,0,Sleeping_at_Desk
2025-03-18 15:13:00.358,39,0,Walking_Around
2025-03-18 15:13:00.358,39,0,Raising_Hand
2025-03-18 15:13:00.475,40,0,Writing_on_Board
2025-03-18 15:13:00.475,40,0,Using_Phone_or_Book
2025-03-18 15:13:00.475,40,0,Sleeping_at_Desk
2025-03-18 15:13:00.475,40,0,Walking_Around
2025-03-18 15:13:00.475,40,0,Raising_Hand
2025-03-18 15:13:00.606,41,0,Writing_on_Board
2025-03-18 15:13:00.606,41,0,Using_Phone_or_Book
2025-03-18 15:13:00.606,41,0,Sleeping_at_Desk
2025-03-18 15:13:00.606,41,0,Walking_Around
2025-03-18 15:13:00.606,41,0,Raising_Hand
2025-03-18 15:13:00.738,42,0,Writing_on_Board
2025-03-18 15:13:00.738,42,0,Using_Phone_or_Book
2025-03-18 15:13:00.738,42,0,Sleeping_at_Desk
2025-03-18 15:13:00.738,42,0,Walking_Around
2025-03-18 15:13:00.738,42,0,Raising_Hand
2025-03-18 15:13:00.869,43,0,Writing_on_Board
2025-03-18 15:13:00.869,43,0,Using_Phone_or_Book
2025-03-18 15:13:00.869,43,0,Sleeping_at_Desk
2025-03-18 15:13:00.869,43,0,Walking_Around
2025-03-18 15:13:00.869,43,0,Raising_Hand
2025-03-18 15:13:00.991,44,0,Writing_on_Board
2025-03-18 15:13:00.991,44,0,Using_Phone_or_Book
2025-03-18 15:13:00.991,44,0,Sleeping_at_Desk
2025-03-18 15:13:00.991,44,0,Walking_Around
2025-03-18 15:13:00.991,44,0,Raising_Hand
2025-03-18 15:13:01.122,45,0,Writing_on_Board
2025-03-18 15:13:01.122,45,0,Using_Phone_or_Book
2025-03-18 15:13:01.122,45,0,Sleeping_at_Desk
2025-03-18 15:13:01.122,45,0,Walking_Around
2025-03-18 15:13:01.122,45,0,Raising_Hand
2025-03-18 15:13:01.263,46,0,Writing_on_Board
2025-03-18 15:13:01.263,46,0,Using_Phone_or_Book
2025-03-18 15:13:01.263,46,0,Sleeping_at_Desk
2025-03-18 15:13:01.263,46,0,Walking_Around
2025-03-18 15:13:01.263,46,0,Raising_Hand
2025-03-18 15:13:01.391,47,0,Writing_on_Board
2025-03-18 15:13:01.391,47,0,Using_Phone_or_Book
2025-03-18 15:13:01.391,47,0,Sleeping_at_Desk
2025-03-18 15:13:01.391,47,0,Walking_Around
2025-03-18 15:13:01.391,47,0,Raising_Hand
2025-03-18 15:13:01.523,48,0,Writing_on_Board
2025-03-18 15:13:01.523,48,0,Using_Phone_or_Book
2025-03-18 15:13:01.523,48,0,Sleeping_at_Desk
2025-03-18 15:13:01.523,48,0,Walking_Around
2025-03-18 15:13:01.523,48,0,Raising_Hand
2025-03-18 15:13:01.658,49,0,Writing_on_Board
2025-03-18 15:13:01.658,49,0,Using_Phone_or_Book
2025-03-18 15:13:01.658,49,0,Sleeping_at_Desk
2025-03-18 15:13:01.658,49,0,Walking_Around
2025-03-18 15:13:01.658,49,0,Raising_Hand
2025-03-18 15:13:01.793,50,0,Writing_on_Board
2025-03-18 15:13:01.793,50,0,Using_Phone_or_Book
2025-03-18 15:13:01.793,50,0,Sleeping_at_Desk
2025-03-18 15:13:01.793,50,0,Walking_Around
2025-03-18 15:13:01.793,50,0,Raising_Hand
2025-03-18 15:13:01.926,51,0,Writing_on_Board
2025-03-18 15:13:01.926,51,0,Using_Phone_or_Book
2025-03-18 15:13:01.926,51,0,Sleeping_at_Desk
2025-03-18 15:13:01.926,51,0,Walking_Around
2025-03-18 15:13:01.926,51,0,Raising_Hand
2025-03-18 15:13:02.056,52,0,Writing_on_Board
2025-03-18 15:13:02.056,52,0,Using_Phone_or_Book
2025-03-18 15:13:02.056,52,0,Sleeping_at_Desk
2025-03-18 15:13:02.056,52,0,Walking_Around
2025-03-18 15:13:02.056,52,0,Raising_Hand
2025-03-18 15:13:02.187,53,0,Writing_on_Board
2025-03-18 15:13:02.187,53,0,Using_Phone_or_Book
2025-03-18 15:13:02.187,53,0,Sleeping_at_Desk
2025-03-18 15:13:02.187,53,0,Walking_Around
2025-03-18 15:13:02.187,53,0,Raising_Hand
2025-03-18 15:13:02.319,54,0,Writing_on_Board
2025-03-18 15:13:02.319,54,0,Using_Phone_or_Book
2025-03-18 15:13:02.319,54,0,Sleeping_at_Desk
2025-03-18 15:13:02.319,54,0,Walking_Around
2025-03-18 15:13:02.319,54,0,Raising_Hand
2025-03-18 15:13:02.457,55,0,Writing_on_Board
2025-03-18 15:13:02.457,55,0,Using_Phone_or_Book
2025-03-18 15:13:02.457,55,0,Sleeping_at_Desk
2025-03-18 15:13:02.457,55,0,Walking_Around
2025-03-18 15:13:02.457,55,0,Raising_Hand
2025-03-18 15:13:02.591,56,0,Writing_on_Board
2025-03-18 15:13:02.591,56,0,Using_Phone_or_Book
2025-03-18 15:13:02.591,56,0,Sleeping_at_Desk
2025-03-18 15:13:02.591,56,0,Walking_Around
2025-03-18 15:13:02.591,56,0,Raising_Hand
2025-03-18 15:13:02.723,57,0,Writing_on_Board
2025-03-18 15:13:02.723,57,0,Using_Phone_or_Book
2025-03-18 15:13:02.723,57,0,Sleeping_at_Desk
2025-03-18 15:13:02.723,57,0,Walking_Around
2025-03-18 15:13:02.723,57,0,Raising_Hand
2025-03-18 15:13:02.854,58,0,Writing_on_Board
2025-03-18 15:13:02.854,58,0,Using_Phone_or_Book
2025-03-18 15:13:02.854,58,0,Sleeping_at_Desk
2025-03-18 15:13:02.854,58,0,Walking_Around
2025-03-18 15:13:02.854,58,0,Raising_Hand
2025-03-18 15:13:02.974,59,0,Writing_on_Board
2025-03-18 15:13:02.974,59,0,Using_Phone_or_Book
2025-03-18 15:13:02.974,59,0,Sleeping_at_Desk
2025-03-18 15:13:02.974,59,0,Walking_Around
2025-03-18 15:13:02.974,59,0,Raising_Hand
2025-03-18 15:13:03.089,60,0,Writing_on_Board
2025-03-18 15:13:03.089,60,0,Using_Phone_or_Book
2025-03-18 15:13:03.089,60,0,Sleeping_at_Desk
2025-03-18 15:13:03.089,60,0,Walking_Around
2025-03-18 15:13:03.089,60,0,Raising_Hand
2025-03-18 15:13:03.240,61,0,Writing_on_Board
2025-03-18 15:13:03.240,61,0,Using_Phone_or_Book
2025-03-18 15:13:03.240,61,0,Sleeping_at_Desk
2025-03-18 15:13:03.240,61,0,Walking_Around
2025-03-18 15:13:03.240,61,0,Raising_Hand
2025-03-18 15:13:03.374,62,0,Writing_on_Board
2025-03-18 15:13:03.374,62,0,Using_Phone_or_Book
2025-03-18 15:13:03.374,62,0,Sleeping_at_Desk
2025-03-18 15:13:03.374,62,0,Walking_Around
2025-03-18 15:13:03.374,62,0,Raising_Hand
2025-03-18 15:13:03.506,63,0,Writing_on_Board
2025-03-18 15:13:03.506,63,0,Using_Phone_or_Book
2025-03-18 15:13:03.506,63,0,Sleeping_at_Desk
2025-03-18 15:13:03.506,63,0,Walking_Around
2025-03-18 15:13:03.506,63,0,Raising_Hand
2025-03-18 15:13:03.637,64,0,Writing_on_Board
2025-03-18 15:13:03.637,64,0,Using_Phone_or_Book
2025-03-18 15:13:03.637,64,0,Sleeping_at_Desk
2025-03-18 15:13:03.637,64,0,Walking_Around
2025-03-18 15:13:03.637,64,0,Raising_Hand
2025-03-18 15:13:03.785,65,0,Writing_on_Board
2025-03-18 15:13:03.785,65,0,Using_Phone_or_Book
2025-03-18 15:13:03.785,65,0,Sleeping_at_Desk
2025-03-18 15:13:03.785,65,0,Walking_Around
2025-03-18 15:13:03.785,65,0,Raising_Hand
2025-03-18 15:13:03.932,66,0,Writing_on_Board
2025-03-18 15:13:03.932,66,0,Using_Phone_or_Book
2025-03-18 15:13:03.932,66,0,Sleeping_at_Desk
2025-03-18 15:13:03.932,66,0,Walking_Around
2025-03-18 15:13:03.932,66,0,Raising_Hand
2025-03-18 15:13:04.082,67,0,Writing_on_Board
2025-03-18 15:13:04.082,67,0,Using_Phone_or_Book
2025-03-18 15:13:04.082,67,0,Sleeping_at_Desk
2025-03-18 15:13:04.082,67,0,Walking_Around
2025-03-18 15:13:04.082,67,0,Raising_Hand
2025-03-18 15:13:04.235,68,0,Writing_on_Board
2025-03-18 15:13:04.235,68,0,Using_Phone_or_Book
2025-03-18 15:13:04.235,68,0,Sleeping_at_Desk
2025-03-18 15:13:04.235,68,0,Walking_Around
2025-03-18 15:13:04.235,68,0,Raising_Hand
2025-03-18 15:13:04.379,69,0,Writing_on_Board
2025-03-18 15:13:04.379,69,0,Using_Phone_or_Book
2025-03-18 15:13:04.379,69,0,Sleeping_at_Desk
2025-03-18 15:13:04.379,69,0,Walking_Around
2025-03-18 15:13:04.379,69,0,Raising_Hand
2025-03-18 15:13:04.518,70,0,Writing_on_Board
2025-03-18 15:13:04.518,70,0,Using_Phone_or_Book
2025-03-18 15:13:04.518,70,0,Sleeping_at_Desk
2025-03-18 15:13:04.518,70,0,Walking_Around
2025-03-18 15:13:04.518,70,0,Raising_Hand
2025-03-18 15:13:04.665,71,0,Writing_on_Board
2025-03-18 15:13:04.665,71,0,Using_Phone_or_Book
2025-03-18 15:13:04.665,71,0,Sleeping_at_Desk
2025-03-18 15:13:04.665,71,0,Walking_Around
2025-03-18 15:13:04.665,71,0,Raising_Hand
2025-03-18 15:13:04.807,72,0,Writing_on_Board
2025-03-18 15:13:04.807,72,0,Using_Phone_or_Book
2025-03-18 15:13:04.807,72,0,Sleeping_at_Desk
2025-03-18 15:13:04.807,72,0,Walking_Around
2025-03-18 15:13:04.807,72,0,Raising_Hand
2025-03-18 15:13:04.937,73,0,Writing_on_Board
2025-03-18 15:13:04.937,73,0,Using_Phone_or_Book
2025-03-18 15:13:04.937,73,0,Sleeping_at_Desk
2025-03-18 15:13:04.937,73,0,Walking_Around
2025-03-18 15:13:04.937,73,0,Raising_Hand
2025-03-18 15:13:05.082,74,0,Writing_on_Board
2025-03-18 15:13:05.082,74,0,Using_Phone_or_Book
2025-03-18 15:13:05.082,74,0,Sleeping_at_Desk
2025-03-18 15:13:05.082,74,0,Walking_Around
2025-03-18 15:13:05.082,74,0,Raising_Hand
2025-03-18 15:13:05.213,75,0,Writing_on_Board
2025-03-18 15:13:05.213,75,0,Using_Phone_or_Book
2025-03-18 15:13:05.213,75,0,Sleeping_at_Desk
2025-03-18 15:13:05.213,75,0,Walking_Around
2025-03-18 15:13:05.213,75,0,Raising_Hand
2025-03-18 15:13:05.351,76,0,Writing_on_Board
2025-03-18 15:13:05.351,76,0,Using_Phone_or_Book
2025-03-18 15:13:05.351,76,0,Sleeping_at_Desk
2025-03-18 15:13:05.351,76,0,Walking_Around
2025-03-18 15:13:05.351,76,0,Raising_Hand
2025-03-18 15:13:05.497,77,0,Writing_on_Board
2025-03-18 15:13:05.497,77,0,Using_Phone_or_Book
2025-03-18 15:13:05.497,77,0,Sleeping_at_Desk
2025-03-18 15:13:05.497,77,0,Walking_Around
2025-03-18 15:13:05.497,77,0,Raising_Hand
2025-03-18 15:13:05.621,78,0,Writing_on_Board
2025-03-18 15:13:05.621,78,0,Using_Phone_or_Book
2025-03-18 15:13:05.621,78,0,Sleeping_at_Desk
2025-03-18 15:13:05.621,78,0,Walking_Around
2025-03-18 15:13:05.621,78,0,Raising_Hand
2025-03-18 15:13:05.768,79,0,Writing_on_Board
2025-03-18 15:13:05.768,79,0,Using_Phone_or_Book
2025-03-18 15:13:05.768,79,0,Sleeping_at_Desk
2025-03-18 15:13:05.768,79,0,Walking_Around
2025-03-18 15:13:05.768,79,0,Raising_Hand
2025-03-18 15:13:05.906,80,0,Writing_on_Board
2025-03-18 15:13:05.906,80,0,Using_Phone_or_Book
2025-03-18 15:13:05.906,80,0,Sleeping_at_Desk
2025-03-18 15:13:05.906,80,0,Walking_Around
2025-03-18 15:13:05.906,80,0,Raising_Hand
2025-03-18 15:13:06.311,81,0,Writing_on_Board
2025-03-18 15:13:06.311,81,0,Using_Phone_or_Book
2025-03-18 15:13:06.311,81,0,Sleeping_at_Desk
2025-03-18 15:13:06.311,81,0,Walking_Around
2025-03-18 15:13:06.311,81,0,Raising_Hand
2025-03-18 15:13:06.472,82,0,Writing_on_Board
2025-03-18 15:13:06.472,82,0,Using_Phone_or_Book
2025-03-18 15:13:06.472,82,0,Sleeping_at_Desk
2025-03-18 15:13:06.472,82,0,Walking_Around
2025-03-18 15:13:06.472,82,0,Raising_Hand
2025-03-18 15:13:06.648,83,0,Writing_on_Board
2025-03-18 15:13:06.648,83,0,Using_Phone_or_Book
2025-03-18 15:13:06.648,83,0,Sleeping_at_Desk
2025-03-18 15:13:06.648,83,0,Walking_Around
2025-03-18 15:13:06.648,83,0,Raising_Hand
2025-03-18 15:13:06.797,84,0,Writing_on_Board
2025-03-18 15:13:06.797,84,0,Using_Phone_or_Book
2025-03-18 15:13:06.797,84,0,Sleeping_at_Desk
2025-03-18 15:13:06.797,84,0,Walking_Around
2025-03-18 15:13:06.797,84,0,Raising_Hand
2025-03-18 15:13:06.936,85,0,Writing_on_Board
2025-03-18 15:13:06.936,85,0,Using_Phone_or_Book
2025-03-18 15:13:06.936,85,0,Sleeping_at_Desk
2025-03-18 15:13:06.936,85,0,Walking_Around
2025-03-18 15:13:06.936,85,0,Raising_Hand
2025-03-18 15:13:07.068,86,0,Writing_on_Board
2025-03-18 15:13:07.068,86,0,Using_Phone_or_Book
2025-03-18 15:13:07.068,86,0,Sleeping_at_Desk
2025-03-18 15:13:07.068,86,0,Walking_Around
2025-03-18 15:13:07.068,86,0,Raising_Hand
2025-03-18 15:13:07.202,87,0,Writing_on_Board
2025-03-18 15:13:07.202,87,0,Using_Phone_or_Book
2025-03-18 15:13:07.202,87,0,Sleeping_at_Desk
2025-03-18 15:13:07.202,87,0,Walking_Around
2025-03-18 15:13:07.202,87,0,Raising_Hand
2025-03-18 15:13:07.365,88,0,Writing_on_Board
2025-03-18 15:13:07.365,88,0,Using_Phone_or_Book
2025-03-18 15:13:07.365,88,0,Sleeping_at_Desk
2025-03-18 15:13:07.365,88,0,Walking_Around
2025-03-18 15:13:07.365,88,0,Raising_Hand
2025-03-18 15:13:07.500,89,0,Writing_on_Board
2025-03-18 15:13:07.500,89,0,Using_Phone_or_Book
2025-03-18 15:13:07.500,89,0,Sleeping_at_Desk
2025-03-18 15:13:07.500,89,0,Walking_Around
2025-03-18 15:13:07.500,89,0,Raising_Hand
2025-03-18 15:13:07.639,90,0,Writing_on_Board
2025-03-18 15:13:07.639,90,0,Using_Phone_or_Book
2025-03-18 15:13:07.639,90,0,Sleeping_at_Desk
2025-03-18 15:13:07.639,90,0,Walking_Around
2025-03-18 15:13:07.639,90,0,Raising_Hand
2025-03-18 15:13:07.764,91,0,Writing_on_Board
2025-03-18 15:13:07.764,91,0,Using_Phone_or_Book
2025-03-18 15:13:07.764,91,0,Sleeping_at_Desk
2025-03-18 15:13:07.764,91,0,Walking_Around
2025-03-18 15:13:07.764,91,0,Raising_Hand
2025-03-18 15:13:07.909,92,0,Writing_on_Board
2025-03-18 15:13:07.909,92,0,Using_Phone_or_Book
2025-03-18 15:13:07.909,92,0,Sleeping_at_Desk
2025-03-18 15:13:07.909,92,0,Walking_Around
2025-03-18 15:13:07.909,92,0,Raising_Hand
2025-03-18 15:13:08.046,93,0,Writing_on_Board
2025-03-18 15:13:08.046,93,0,Using_Phone_or_Book
2025-03-18 15:13:08.046,93,0,Sleeping_at_Desk
2025-03-18 15:13:08.046,93,0,Walking_Around
2025-03-18 15:13:08.046,93,0,Raising_Hand
2025-03-18 15:13:08.174,94,0,Writing_on_Board
2025-03-18 15:13:08.174,94,0,Using_Phone_or_Book
2025-03-18 15:13:08.174,94,0,Sleeping_at_Desk
2025-03-18 15:13:08.174,94,0,Walking_Around
2025-03-18 15:13:08.174,94,0,Raising_Hand
2025-03-18 15:13:08.330,95,0,Writing_on_Board
2025-03-18 15:13:08.330,95,0,Using_Phone_or_Book
2025-03-18 15:13:08.330,95,0,Sleeping_at_Desk
2025-03-18 15:13:08.330,95,0,Walking_Around
2025-03-18 15:13:08.330,95,0,Raising_Hand
2025-03-18 15:14:36.497,157,0,Walking_Around
2025-03-18 15:14:36.663,158,0,Walking_Around
2025-03-18 15:14:36.839,159,0,Walking_Around
2025-03-18 15:14:37.006,160,0,Walking_Around
2025-03-18 15:14:37.175,161,0,Walking_Around
2025-03-18 15:14:37.435,162,0,Walking_Around
2025-03-18 15:14:37.612,163,0,Walking_Around
2025-03-18 15:14:37.876,164,0,Walking_Around
2025-03-18 15:14:38.046,165,0,Walking_Around
2025-03-18 15:14:40.284,179,0,Using_Phone_or_Book
2025-03-18 15:14:40.455,180,0,Using_Phone_or_Book
2025-03-18 15:14:40.934,183,0,Walking_Around
2025-03-18 15:14:41.102,184,0,Walking_Around
2025-03-18 15:14:41.274,185,0,Walking_Around
2025-03-18 15:14:41.444,186,0,Walking_Around
2025-03-18 15:14:41.598,187,0,Walking_Around
2025-03-18 15:14:42.280,190,0,Using_Phone_or_Book
2025-03-18 15:14:42.437,191,0,Using_Phone_or_Book
2025-03-18 15:14:42.603,192,0,Using_Phone_or_Book
2025-03-18 15:14:42.774,193,0,Using_Phone_or_Book
2025-03-18 15:14:42.946,194,0,Using_Phone_or_Book
2025-03-18 15:14:43.114,195,0,Using_Phone_or_Book
2025-03-18 15:14:43.271,196,0,Using_Phone_or_Book
2025-03-18 15:14:43.442,197,0,Using_Phone_or_Book
2025-03-18 15:14:44.572,204,0,Walking_Around
2025-03-18 15:14:44.725,205,0,Walking_Around
2025-03-18 15:14:44.893,206,0,Walking_Around
2025-03-18 15:14:45.063,207,0,Walking_Around
2025-03-18 15:14:45.231,208,0,Walking_Around
2025-03-18 15:14:45.416,209,0,Walking_Around
2025-03-18 15:14:45.637,210,0,Walking_Around
2025-03-18 15:14:47.801,222,0,Walking_Around
2025-03-18 15:14:47.970,223,0,Walking_Around
2025-03-18 15:14:49.038,229,0,Walking_Around
2025-03-18 15:14:49.193,230,0,Writing_on_Board
2025-03-18 15:14:49.193,230,0,Walking_Around
2025-03-18 15:14:49.363,231,0,Writing_on_Board
2025-03-18 15:14:49.363,231,0,Walking_Around
2025-03-18 15:14:49.544,232,0,Walking_Around
2025-03-18 15:14:49.701,233,0,Walking_Around
2025-03-18 15:14:49.869,234,0,Walking_Around
2025-03-18 15:14:51.239,242,0,Walking_Around
2025-03-18 15:14:51.403,243,0,Walking_Around
2025-03-18 15:14:51.576,244,0,Walking_Around
2025-03-18 15:14:51.743,245,0,Walking_Around
2025-03-18 15:14:51.912,246,0,Walking_Around
2025-03-18 15:14:52.081,247,0,Walking_Around
2025-03-18 15:14:52.253,248,0,Walking_Around
2025-03-18 15:14:52.423,249,0,Walking_Around
2025-03-18 15:14:52.592,250,0,Walking_Around
2025-03-18 15:14:52.879,251,0,Walking_Around
2025-03-18 15:14:53.061,252,0,Walking_Around
2025-03-18 15:14:53.221,253,0,Walking_Around
2025-03-18 15:14:53.406,254,0,Walking_Around
2025-03-18 15:14:53.573,255,0,Walking_Around
2025-03-18 15:14:53.838,256,0,Walking_Around
2025-03-18 15:14:54.011,257,0,Walking_Around
2025-03-18 15:14:54.696,260,0,Using_Phone_or_Book
2025-03-18 15:14:54.869,261,0,Using_Phone_or_Book
2025-03-18 15:14:55.040,262,0,Using_Phone_or_Book
2025-03-18 15:14:55.264,263,0,Using_Phone_or_Book
2025-03-18 15:14:55.526,264,0,Using_Phone_or_Book
2025-03-18 15:14:55.717,265,0,Using_Phone_or_Book
2025-03-18 15:14:55.902,266,0,Using_Phone_or_Book
2025-03-18 15:14:56.071,267,0,Using_Phone_or_Book
2025-03-18 15:14:56.226,268,0,Using_Phone_or_Book
2025-03-18 15:14:56.395,269,0,Using_Phone_or_Book
2025-03-18 15:14:56.395,269,0,Sleeping_at_Desk
2025-03-18 15:14:56.553,270,0,Using_Phone_or_Book
2025-03-18 15:14:56.722,271,0,Using_Phone_or_Book
2025-03-18 15:14:56.895,272,0,Using_Phone_or_Book
2025-03-18 15:14:57.049,273,0,Using_Phone_or_Book
2025-03-18 15:14:57.219,274,0,Using_Phone_or_Book
2025-03-18 15:14:57.386,275,0,Using_Phone_or_Book
2025-03-18 15:14:57.386,275,0,Walking_Around
2025-03-18 15:14:57.540,276,0,Using_Phone_or_Book
2025-03-18 15:14:57.540,276,0,Walking_Around
2025-03-18 15:14:57.708,277,0,Using_Phone_or_Book
2025-03-18 15:14:57.708,277,0,Walking_Around
2025-03-18 15:14:57.863,278,0,Using_Phone_or_Book
2025-03-18 15:14:57.863,278,0,Walking_Around
2025-03-18 15:14:58.142,279,0,Using_Phone_or_Book
2025-03-18 15:14:58.142,279,0,Walking_Around
2025-03-18 15:14:58.373,280,0,Using_Phone_or_Book
2025-03-18 15:14:58.373,280,0,Walking_Around
2025-03-18 15:14:58.527,281,0,Using_Phone_or_Book
2025-03-18 15:14:58.527,281,0,Walking_Around
2025-03-18 15:14:58.705,282,0,Using_Phone_or_Book
2025-03-18 15:14:58.705,282,0,Walking_Around
2025-03-18 15:14:58.885,283,0,Using_Phone_or_Book
2025-03-18 15:14:58.885,283,0,Walking_Around
2025-03-18 15:14:59.054,284,0,Using_Phone_or_Book
2025-03-18 15:14:59.054,284,0,Walking_Around
2025-03-18 15:14:59.226,285,0,Using_Phone_or_Book
2025-03-18 15:14:59.226,285,0,Walking_Around
2025-03-18 15:14:59.394,286,0,Using_Phone_or_Book
2025-03-18 15:14:59.394,286,0,Walking_Around
2025-03-18 15:14:59.645,287,0,Using_Phone_or_Book
2025-03-18 15:14:59.645,287,0,Walking_Around
2025-03-18 15:14:59.922,288,0,Using_Phone_or_Book
2025-03-18 15:14:59.922,288,0,Walking_Around
2025-03-18 15:15:00.202,289,0,Using_Phone_or_Book
2025-03-18 15:15:00.202,289,0,Sleeping_at_Desk
2025-03-18 15:15:00.202,289,0,Walking_Around
2025-03-18 15:15:00.485,290,0,Using_Phone_or_Book
2025-03-18 15:15:00.485,290,0,Sleeping_at_Desk
2025-03-18 15:15:00.485,290,0,Walking_Around
2025-03-18 15:15:00.652,291,0,Using_Phone_or_Book
2025-03-18 15:15:00.652,291,0,Sleeping_at_Desk
2025-03-18 15:15:00.652,291,0,Walking_Around
2025-03-18 15:15:00.807,292,0,Using_Phone_or_Book
2025-03-18 15:15:00.807,292,0,Sleeping_at_Desk
2025-03-18 15:15:00.807,292,0,Walking_Around
2025-03-18 15:15:00.992,293,0,Using_Phone_or_Book
2025-03-18 15:15:00.992,293,0,Sleeping_at_Desk
2025-03-18 15:15:00.992,293,0,Walking_Around
2025-03-18 15:15:01.163,294,0,Using_Phone_or_Book
2025-03-18 15:15:01.163,294,0,Sleeping_at_Desk
2025-03-18 15:15:01.163,294,0,Walking_Around
2025-03-18 15:15:01.329,295,0,Using_Phone_or_Book
2025-03-18 15:15:01.329,295,0,Walking_Around
2025-03-18 15:15:01.506,296,0,Using_Phone_or_Book
2025-03-18 15:15:01.506,296,0,Walking_Around
2025-03-18 15:15:01.670,297,0,Using_Phone_or_Book
2025-03-18 15:15:01.670,297,0,Walking_Around
2025-03-18 15:15:01.839,298,0,Using_Phone_or_Book
2025-03-18 15:15:01.839,298,0,Walking_Around
2025-03-18 15:15:02.021,299,0,Using_Phone_or_Book
2025-03-18 15:15:02.021,299,0,Walking_Around
2025-03-18 15:15:02.226,300,0,Using_Phone_or_Book
2025-03-18 15:15:02.226,300,0,Walking_Around
2025-03-18 15:15:02.395,301,0,Using_Phone_or_Book
2025-03-18 15:15:02.395,301,0,Walking_Around
2025-03-18 15:15:02.550,302,0,Using_Phone_or_Book
2025-03-18 15:15:02.550,302,0,Sleeping_at_Desk
2025-03-18 15:15:02.550,302,0,Walking_Around
2025-03-18 15:15:02.701,303,0,Using_Phone_or_Book
2025-03-18 15:15:02.701,303,0,Sleeping_at_Desk
2025-03-18 15:15:02.701,303,0,Walking_Around
2025-03-18 15:15:02.870,304,0,Using_Phone_or_Book
2025-03-18 15:15:02.870,304,0,Sleeping_at_Desk
2025-03-18 15:15:02.870,304,0,Walking_Around
2025-03-18 15:15:03.039,305,0,Using_Phone_or_Book
2025-03-18 15:15:03.039,305,0,Sleeping_at_Desk
2025-03-18 15:15:03.039,305,0,Walking_Around
2025-03-18 15:15:03.209,306,0,Using_Phone_or_Book
2025-03-18 15:15:03.209,306,0,Sleeping_at_Desk
2025-03-18 15:15:03.209,306,0,Walking_Around
2025-03-18 15:15:03.535,307,0,Using_Phone_or_Book
2025-03-18 15:15:03.535,307,0,Sleeping_at_Desk
2025-03-18 15:15:03.535,307,0,Walking_Around
2025-03-18 15:15:03.737,308,0,Using_Phone_or_Book
2025-03-18 15:15:03.737,308,0,Sleeping_at_Desk
2025-03-18 15:15:03.737,308,0,Walking_Around
2025-03-18 15:15:03.969,309,0,Sleeping_at_Desk
2025-03-18 15:15:03.969,309,0,Walking_Around
2025-03-18 15:15:04.152,310,0,Walking_Around
2025-03-18 15:15:04.370,311,0,Walking_Around
2025-03-18 15:15:04.603,312,0,Walking_Around
2025-03-18 15:15:04.773,313,0,Walking_Around
2025-03-18 15:15:04.988,314,0,Walking_Around
2025-03-18 15:15:05.173,315,0,Walking_Around
2025-03-18 15:15:05.346,316,0,Walking_Around
2025-03-18 15:15:05.517,317,0,Walking_Around
2025-03-18 15:15:05.686,318,0,Walking_Around
2025-03-18 15:15:05.857,319,0,Walking_Around
2025-03-18 15:15:06.030,320,0,Walking_Around
2025-03-18 15:15:06.201,321,0,Walking_Around
2025-03-18 15:15:06.369,322,0,Walking_Around
2025-03-18 15:15:07.672,330,0,Walking_Around
2025-03-18 15:15:08.267,333,0,Raising_Hand
2025-03-18 15:15:08.435,334,0,Raising_Hand
2025-03-18 15:15:08.590,335,0,Raising_Hand
2025-03-18 15:15:08.841,336,0,Raising_Hand
2025-03-18 15:15:09.016,337,0,Raising_Hand
2025-03-18 15:15:09.225,338,0,Raising_Hand
2025-03-18 15:15:09.394,339,0,Raising_Hand
2025-03-18 15:15:10.358,343,0,Raising_Hand
2025-03-18 15:15:10.530,344,0,Raising_Hand
2025-03-18 15:15:11.465,349,0,Walking_Around
2025-03-18 15:15:11.621,350,0,Walking_Around
2025-03-18 15:15:11.791,351,0,Walking_Around
2025-03-18 15:15:11.980,352,0,Walking_Around
2025-03-18 15:15:12.132,353,0,Walking_Around
2025-03-18 15:15:12.302,354,0,Walking_Around
2025-03-18 15:15:12.471,355,0,Walking_Around
2025-03-18 15:15:12.625,356,0,Walking_Around
2025-03-18 15:15:12.780,357,0,Walking_Around
2025-03-18 15:15:12.949,358,0,Walking_Around
2025-03-18 15:15:17.061,377,0,Walking_Around
2025-03-18 15:15:17.232,378,0,Walking_Around
2025-03-18 15:15:17.402,379,0,Using_Phone_or_Book
2025-03-18 15:15:17.402,379,0,Walking_Around
2025-03-18 15:15:17.651,380,0,Using_Phone_or_Book
2025-03-18 15:15:17.651,380,0,Walking_Around
2025-03-18 15:15:17.849,381,0,Using_Phone_or_Book
2025-03-18 15:15:17.849,381,0,Walking_Around
2025-03-18 15:15:18.095,382,0,Using_Phone_or_Book
2025-03-18 15:15:18.265,383,0,Using_Phone_or_Book
2025-03-18 15:15:18.436,384,0,Using_Phone_or_Book
2025-03-18 15:15:18.606,385,0,Using_Phone_or_Book
2025-03-18 15:15:18.777,386,0,Using_Phone_or_Book
2025-03-18 15:15:18.949,387,0,Using_Phone_or_Book
2025-03-18 15:15:19.120,388,0,Using_Phone_or_Book
2025-03-18 15:15:19.290,389,0,Using_Phone_or_Book
2025-03-18 15:15:19.463,390,0,Using_Phone_or_Book
2025-03-18 15:15:19.635,391,0,Using_Phone_or_Book
2025-03-18 15:15:19.868,392,0,Using_Phone_or_Book
2025-03-18 15:15:20.053,393,0,Using_Phone_or_Book
2025-03-18 15:15:20.207,394,0,Using_Phone_or_Book
2025-03-18 15:15:20.516,395,0,Using_Phone_or_Book
2025-03-18 15:15:20.801,396,0,Using_Phone_or_Book
2025-03-18 15:15:21.496,400,0,Writing_on_Board
2025-03-18 15:15:21.900,402,0,Walking_Around
2025-03-18 15:15:22.074,403,0,Walking_Around
2025-03-18 15:15:22.254,404,0,Walking_Around
2025-03-18 15:15:22.425,405,0,Walking_Around
2025-03-18 15:15:22.601,406,0,Walking_Around
2025-03-18 15:15:22.768,407,0,Walking_Around
2025-03-18 15:15:22.936,408,0,Walking_Around
2025-03-18 15:15:23.121,409,0,Walking_Around
2025-03-18 15:15:23.291,410,0,Walking_Around
2025-03-18 15:15:23.511,411,0,Walking_Around
2025-03-18 15:15:23.788,412,0,Walking_Around
2025-03-18 15:16:52.051,832,0,Walking_Around
2025-03-18 15:16:52.327,834,0,Sleeping_at_Desk
2025-03-18 15:16:52.456,835,0,Sleeping_at_Desk
2025-03-18 15:17:06.765,922,0,Writing_on_Board
2025-03-18 15:17:06.765,922,0,Walking_Around
2025-03-18 15:17:06.927,923,0,Writing_on_Board
2025-03-18 15:17:06.927,923,0,Walking_Around
2025-03-18 15:17:07.097,924,0,Writing_on_Board
2025-03-18 15:17:07.097,924,0,Walking_Around
2025-03-18 15:17:07.249,925,0,Writing_on_Board
2025-03-18 15:17:07.249,925,0,Walking_Around
2025-03-18 15:17:07.468,926,0,Writing_on_Board
2025-03-18 15:17:07.468,926,0,Walking_Around
2025-03-18 15:17:07.628,927,0,Writing_on_Board
2025-03-18 15:17:07.628,927,0,Walking_Around
2025-03-18 15:17:07.800,928,0,Writing_on_Board
2025-03-18 15:17:07.800,928,0,Walking_Around
2025-03-18 15:17:07.969,929,0,Writing_on_Board
2025-03-18 15:17:07.969,929,0,Walking_Around
2025-03-18 15:17:08.141,930,0,Writing_on_Board
2025-03-18 15:17:08.141,930,0,Walking_Around
2025-03-18 15:17:08.313,931,0,Writing_on_Board
2025-03-18 15:17:08.484,932,0,Writing_on_Board
2025-03-18 15:17:15.612,972,0,Walking_Around
2025-03-18 15:17:15.764,973,0,Walking_Around
2025-03-18 15:17:15.921,974,0,Walking_Around
2025-03-18 15:17:16.095,975,0,Walking_Around
2025-03-18 15:17:16.262,976,0,Walking_Around
2025-03-18 15:17:16.464,977,0,Walking_Around
2025-03-18 15:17:16.635,978,0,Walking_Around
2025-03-18 15:17:19.068,991,0,Walking_Around
2025-03-18 15:17:19.252,992,0,Walking_Around
2025-03-18 15:17:19.423,993,0,Walking_Around
2025-03-18 15:17:19.733,994,0,Walking_Around
2025-03-18 15:17:19.993,995,0,Walking_Around
2025-03-18 15:17:20.275,996,0,Walking_Around
2025-03-18 15:17:20.422,997,0,Walking_Around
2025-03-18 15:17:20.691,998,0,Walking_Around
2025-03-18 15:17:20.967,999,0,Walking_Around
2025-03-18 15:17:21.218,1000,0,Walking_Around
2025-03-18 15:17:21.376,1001,0,Walking_Around
2025-03-18 15:17:21.546,1002,0,Walking_Around
2025-03-18 15:17:21.833,1003,0,Walking_Around
2025-03-18 15:17:22.006,1004,0,Using_Phone_or_Book
2025-03-18 15:17:22.006,1004,0,Walking_Around
2025-03-18 15:17:22.160,1005,0,Using_Phone_or_Book
2025-03-18 15:17:22.160,1005,0,Walking_Around
2025-03-18 15:17:22.332,1006,0,Using_Phone_or_Book
2025-03-18 15:17:22.332,1006,0,Walking_Around
2025-03-18 15:17:22.493,1007,0,Using_Phone_or_Book
2025-03-18 15:17:22.493,1007,0,Walking_Around
2025-03-18 15:17:22.658,1008,0,Using_Phone_or_Book
2025-03-18 15:17:22.658,1008,0,Walking_Around
2025-03-18 15:17:22.818,1009,0,Using_Phone_or_Book
2025-03-18 15:17:22.818,1009,0,Walking_Around
2025-03-18 15:17:22.984,1010,0,Using_Phone_or_Book
2025-03-18 15:17:22.984,1010,0,Walking_Around
2025-03-18 15:17:23.179,1011,0,Using_Phone_or_Book
2025-03-18 15:17:23.179,1011,0,Walking_Around
2025-03-18 15:17:23.365,1012,0,Using_Phone_or_Book
2025-03-18 15:17:23.365,1012,0,Walking_Around
2025-03-18 15:17:23.546,1013,0,Using_Phone_or_Book
2025-03-18 15:17:23.546,1013,0,Walking_Around
2025-03-18 15:17:23.716,1014,0,Using_Phone_or_Book
2025-03-18 15:17:23.716,1014,0,Walking_Around
2025-03-18 15:17:24.093,1015,0,Using_Phone_or_Book
2025-03-18 15:17:24.093,1015,0,Walking_Around
2025-03-18 15:17:24.261,1016,0,Using_Phone_or_Book
2025-03-18 15:17:24.261,1016,0,Walking_Around
2025-03-18 15:17:24.429,1017,0,Using_Phone_or_Book
2025-03-18 15:17:24.429,1017,0,Walking_Around
2025-03-18 15:17:24.589,1018,0,Using_Phone_or_Book
2025-03-18 15:17:24.589,1018,0,Walking_Around
2025-03-18 15:17:24.760,1019,0,Using_Phone_or_Book
2025-03-18 15:17:24.929,1020,0,Using_Phone_or_Book
2025-03-18 15:17:25.096,1021,0,Using_Phone_or_Book
2025-03-18 15:17:25.748,1025,0,Using_Phone_or_Book
2025-03-18 15:17:25.907,1026,0,Using_Phone_or_Book
2025-03-18 15:17:26.083,1027,0,Using_Phone_or_Book
2025-03-18 15:17:26.249,1028,0,Using_Phone_or_Book
2025-03-18 15:17:26.420,1029,0,Using_Phone_or_Book
2025-03-18 15:17:27.061,1033,0,Using_Phone_or_Book
2025-03-18 15:17:27.233,1034,0,Using_Phone_or_Book
2025-03-18 15:17:27.389,1035,0,Using_Phone_or_Book
2025-03-18 15:17:27.560,1036,0,Using_Phone_or_Book
2025-03-18 15:17:27.731,1037,0,Using_Phone_or_Book
2025-03-18 15:17:27.885,1038,0,Using_Phone_or_Book
2025-03-18 15:17:27.885,1038,0,Walking_Around
2025-03-18 15:17:28.042,1039,0,Using_Phone_or_Book
2025-03-18 15:17:28.042,1039,0,Walking_Around
2025-03-18 15:17:28.196,1040,0,Using_Phone_or_Book
2025-03-18 15:17:28.196,1040,0,Walking_Around
2025-03-18 15:17:28.418,1041,0,Using_Phone_or_Book
2025-03-18 15:17:28.418,1041,0,Walking_Around
2025-03-18 15:17:28.696,1042,0,Walking_Around
2025-03-18 15:17:28.864,1043,0,Walking_Around
2025-03-18 15:17:29.025,1044,0,Walking_Around
2025-03-18 15:17:29.179,1045,0,Walking_Around
2025-03-18 15:17:29.332,1046,0,Writing_on_Board
2025-03-18 15:17:29.332,1046,0,Walking_Around
2025-03-18 15:17:29.503,1047,0,Writing_on_Board
2025-03-18 15:17:29.503,1047,0,Walking_Around
2025-03-18 15:17:29.657,1048,0,Writing_on_Board
2025-03-18 15:17:29.657,1048,0,Walking_Around
2025-03-18 15:17:29.813,1049,0,Writing_on_Board
2025-03-18 15:17:29.813,1049,0,Walking_Around
2025-03-18 15:17:29.983,1050,0,Writing_on_Board
2025-03-18 15:17:29.983,1050,0,Walking_Around
2025-03-18 15:17:30.144,1051,0,Writing_on_Board
2025-03-18 15:17:30.144,1051,0,Walking_Around
2025-03-18 15:17:30.313,1052,0,Writing_on_Board
2025-03-18 15:17:30.313,1052,0,Walking_Around
2025-03-18 15:17:30.471,1053,0,Writing_on_Board
2025-03-18 15:17:30.471,1053,0,Walking_Around
2025-03-18 15:17:30.643,1054,0,Writing_on_Board
2025-03-18 15:17:30.643,1054,0,Walking_Around
2025-03-18 15:17:30.908,1055,0,Writing_on_Board
2025-03-18 15:17:30.908,1055,0,Walking_Around
2025-03-18 15:17:31.059,1056,0,Writing_on_Board
2025-03-18 15:17:31.059,1056,0,Walking_Around
2025-03-18 15:17:31.231,1057,0,Writing_on_Board
2025-03-18 15:17:31.231,1057,0,Walking_Around
2025-03-18 15:17:31.387,1058,0,Writing_on_Board
2025-03-18 15:17:31.387,1058,0,Walking_Around
2025-03-18 15:17:31.548,1059,0,Writing_on_Board
2025-03-18 15:17:31.548,1059,0,Walking_Around
2025-03-18 15:17:31.760,1060,0,Writing_on_Board
2025-03-18 15:17:31.760,1060,0,Walking_Around
2025-03-18 15:17:31.931,1061,0,Writing_on_Board
2025-03-18 15:17:31.931,1061,0,Walking_Around
2025-03-18 15:17:32.102,1062,0,Writing_on_Board
2025-03-18 15:17:32.102,1062,0,Walking_Around
2025-03-18 15:17:32.275,1063,0,Writing_on_Board
2025-03-18 15:17:32.275,1063,0,Walking_Around
2025-03-18 15:17:32.461,1064,0,Writing_on_Board
2025-03-18 15:17:32.461,1064,0,Walking_Around
2025-03-18 15:17:32.924,1065,0,Writing_on_Board
2025-03-18 15:17:32.924,1065,0,Walking_Around
2025-03-18 15:17:33.213,1066,0,Writing_on_Board
2025-03-18 15:17:33.213,1066,0,Walking_Around
2025-03-18 15:17:33.427,1067,0,Walking_Around
2025-03-18 15:17:33.593,1068,0,Walking_Around
2025-03-18 15:17:33.752,1069,0,Walking_Around
2025-03-18 15:17:33.920,1070,0,Walking_Around
2025-03-18 15:17:33.920,1070,0,Raising_Hand
2025-03-18 15:17:34.079,1071,0,Walking_Around
2025-03-18 15:17:34.079,1071,0,Raising_Hand
2025-03-18 15:17:34.248,1072,0,Raising_Hand
2025-03-18 15:17:34.421,1073,0,Raising_Hand
2025-03-18 15:17:34.612,1074,0,Raising_Hand
2025-03-18 15:17:34.777,1075,0,Raising_Hand
2025-03-18 15:17:34.948,1076,0,Raising_Hand
2025-03-18 15:17:35.172,1077,0,Raising_Hand
2025-03-18 15:17:35.344,1078,0,Raising_Hand
2025-03-18 15:17:35.540,1079,0,Raising_Hand
2025-03-18 15:17:35.911,1080,0,Raising_Hand
2025-03-18 15:17:36.099,1081,0,Raising_Hand
2025-03-18 15:17:36.254,1082,0,Raising_Hand
2025-03-18 15:17:36.409,1083,0,Raising_Hand
2025-03-18 15:17:36.611,1084,0,Raising_Hand
2025-03-18 15:17:36.815,1085,0,Raising_Hand
2025-03-18 15:17:36.986,1086,0,Raising_Hand
2025-03-18 15:17:37.175,1087,0,Raising_Hand
2025-03-18 15:17:39.432,1101,0,Using_Phone_or_Book
2025-03-18 15:17:39.578,1102,0,Using_Phone_or_Book
2025-03-18 15:17:39.731,1103,0,Using_Phone_or_Book
2025-03-18 15:17:39.886,1104,0,Using_Phone_or_Book
2025-03-18 15:17:40.044,1105,0,Using_Phone_or_Book
2025-03-18 15:17:40.197,1106,0,Using_Phone_or_Book
2025-03-18 15:17:40.352,1107,0,Using_Phone_or_Book
2025-03-18 15:17:40.519,1108,0,Using_Phone_or_Book
2025-03-18 15:17:40.678,1109,0,Using_Phone_or_Book
2025-03-18 15:17:40.837,1110,0,Using_Phone_or_Book
2025-03-18 15:17:40.978,1111,0,Using_Phone_or_Book
2025-03-18 15:17:41.146,1112,0,Using_Phone_or_Book
2025-03-18 15:17:41.294,1113,0,Using_Phone_or_Book
2025-03-18 15:17:41.294,1113,0,Walking_Around
2025-03-18 15:17:41.445,1114,0,Walking_Around
2025-03-18 15:17:41.618,1115,0,Walking_Around
2025-03-18 15:17:41.774,1116,0,Walking_Around
2025-03-18 15:17:41.931,1117,0,Walking_Around
2025-03-18 15:17:42.085,1118,0,Walking_Around
2025-03-18 15:17:42.232,1119,0,Walking_Around
2025-03-18 15:17:42.479,1120,0,Walking_Around
2025-03-18 15:17:42.636,1121,0,Walking_Around
2025-03-18 15:17:42.791,1122,0,Walking_Around
2025-03-18 15:17:42.997,1123,0,Walking_Around
2025-03-18 15:17:43.274,1124,0,Walking_Around
2025-03-18 15:17:43.433,1125,0,Using_Phone_or_Book
2025-03-18 15:17:43.433,1125,0,Walking_Around
2025-03-18 15:17:43.652,1126,0,Using_Phone_or_Book
2025-03-18 15:17:43.652,1126,0,Walking_Around
2025-03-18 15:17:43.808,1127,0,Using_Phone_or_Book
2025-03-18 15:17:43.808,1127,0,Walking_Around
2025-03-18 15:17:43.962,1128,0,Walking_Around
2025-03-18 15:58:17.394,83,0,Sleeping_at_Desk
2025-03-18 15:58:17.551,84,0,Sleeping_at_Desk
2025-03-18 15:58:17.708,85,0,Sleeping_at_Desk
2025-03-18 15:58:17.865,86,0,Sleeping_at_Desk
2025-03-18 15:58:18.022,87,0,Sleeping_at_Desk
2025-03-18 15:58:21.302,112,0,Raising_Hand
2025-03-18 15:58:21.426,113,0,Raising_Hand
2025-03-18 15:59:19.894,570,0,Sleeping_at_Desk
2025-03-18 15:59:20.033,571,0,Sleeping_at_Desk
2025-03-18 15:59:20.172,572,0,Sleeping_at_Desk
2025-03-18 15:59:20.296,573,0,Sleeping_at_Desk
2025-03-18 15:59:20.499,574,0,Sleeping_at_Desk
2025-03-18 15:59:20.622,575,0,Sleeping_at_Desk
2025-03-18 15:59:20.746,576,0,Sleeping_at_Desk
2025-03-18 15:59:20.871,577,0,Sleeping_at_Desk
2025-03-18 15:59:21.012,578,0,Sleeping_at_Desk
2025-03-18 15:59:21.149,579,0,Sleeping_at_Desk
2025-03-18 15:59:21.274,580,0,Sleeping_at_Desk
2025-03-18 15:59:21.399,581,0,Sleeping_at_Desk
2025-03-18 15:59:21.522,582,0,Sleeping_at_Desk
2025-03-18 15:59:21.647,583,0,Sleeping_at_Desk
2025-03-18 15:59:21.773,584,0,Sleeping_at_Desk
2025-03-18 15:59:21.911,585,0,Sleeping_at_Desk
2025-03-18 15:59:22.037,586,0,Sleeping_at_Desk
2025-03-18 15:59:22.161,587,0,Sleeping_at_Desk
2025-03-18 15:59:23.538,598,0,Sleeping_at_Desk
2025-03-18 15:59:23.664,599,0,Sleeping_at_Desk
2025-03-18 15:59:23.791,600,0,Sleeping_at_Desk
